run_id,row,col,value
baseline,reward_sum,reward_sum,1.0
baseline,reward_sum,throughput,0.7122811288723269
baseline,reward_sum,qos,0.6127001569437326
baseline,reward_sum,jain,0.7089591098281331
baseline,reward_sum,rate_cv,0.3394999489987474
baseline,reward_sum,load_cv,0.028755886360749314
baseline,reward_sum,switch_ratio,-0.6560684703646869
baseline,throughput,reward_sum,0.7122811288723269
baseline,throughput,throughput,1.0
baseline,throughput,qos,0.674310484838341
baseline,throughput,jain,0.6599591871095207
baseline,throughput,rate_cv,0.5220165480569303
baseline,throughput,load_cv,0.29954787057020593
baseline,throughput,switch_ratio,-0.5136937262842353
baseline,qos,reward_sum,0.6127001569437326
baseline,qos,throughput,0.674310484838341
baseline,qos,qos,1.0
baseline,qos,jain,0.9530602004073582
baseline,qos,rate_cv,0.7119960445305762
baseline,qos,load_cv,0.44779214478649737
baseline,qos,switch_ratio,-0.5484831512745296
baseline,jain,reward_sum,0.7089591098281331
baseline,jain,throughput,0.6599591871095208
baseline,jain,qos,0.9530602004073582
baseline,jain,jain,1.0
baseline,jain,rate_cv,0.6586796884401966
baseline,jain,load_cv,0.38609932047666917
baseline,jain,switch_ratio,-0.6724342515845162
baseline,rate_cv,reward_sum,0.33949994899874736
baseline,rate_cv,throughput,0.5220165480569304
baseline,rate_cv,qos,0.7119960445305763
baseline,rate_cv,jain,0.6586796884401966
baseline,rate_cv,rate_cv,1.0
baseline,rate_cv,load_cv,0.4791934088403116
baseline,rate_cv,switch_ratio,-0.36185343123542685
baseline,load_cv,reward_sum,0.028755886360749314
baseline,load_cv,throughput,0.29954787057020593
baseline,load_cv,qos,0.4477921447864974
baseline,load_cv,jain,0.3860993204766691
baseline,load_cv,rate_cv,0.47919340884031164
baseline,load_cv,load_cv,0.9999999999999998
baseline,load_cv,switch_ratio,-0.024826384629309108
baseline,switch_ratio,reward_sum,-0.6560684703646869
baseline,switch_ratio,throughput,-0.5136937262842354
baseline,switch_ratio,qos,-0.5484831512745296
baseline,switch_ratio,jain,-0.6724342515845161
baseline,switch_ratio,rate_cv,-0.36185343123542685
baseline,switch_ratio,load_cv,-0.024826384629309108
baseline,switch_ratio,switch_ratio,1.0
A1_no_qos,reward_sum,reward_sum,1.0
A1_no_qos,reward_sum,throughput,0.43944432012891577
A1_no_qos,reward_sum,qos,0.251096214211042
A1_no_qos,reward_sum,jain,0.3056336359451417
A1_no_qos,reward_sum,rate_cv,0.0861815909715429
A1_no_qos,reward_sum,load_cv,-0.0713324749650699
A1_no_qos,reward_sum,switch_ratio,-0.15571535329216013
A1_no_qos,throughput,reward_sum,0.4394443201289158
A1_no_qos,throughput,throughput,0.9999999999999999
A1_no_qos,throughput,qos,0.29195829128573464
A1_no_qos,throughput,jain,0.2435845736800592
A1_no_qos,throughput,rate_cv,0.3016534446480991
A1_no_qos,throughput,load_cv,-0.02444742931807457
A1_no_qos,throughput,switch_ratio,0.010146082208099757
A1_no_qos,qos,reward_sum,0.25109621421104206
A1_no_qos,qos,throughput,0.29195829128573464
A1_no_qos,qos,qos,1.0
A1_no_qos,qos,jain,0.9293755529080493
A1_no_qos,qos,rate_cv,0.5749116852412047
A1_no_qos,qos,load_cv,0.22783580675565046
A1_no_qos,qos,switch_ratio,-0.30230390886623626
A1_no_qos,jain,reward_sum,0.3056336359451417
A1_no_qos,jain,throughput,0.24358457368005923
A1_no_qos,jain,qos,0.9293755529080492
A1_no_qos,jain,jain,0.9999999999999998
A1_no_qos,jain,rate_cv,0.45825683751688273
A1_no_qos,jain,load_cv,0.2277801467109662
A1_no_qos,jain,switch_ratio,-0.3184921950636678
A1_no_qos,rate_cv,reward_sum,0.08618159097154289
A1_no_qos,rate_cv,throughput,0.3016534446480992
A1_no_qos,rate_cv,qos,0.5749116852412047
A1_no_qos,rate_cv,jain,0.4582568375168828
A1_no_qos,rate_cv,rate_cv,1.0
A1_no_qos,rate_cv,load_cv,0.29129478554394883
A1_no_qos,rate_cv,switch_ratio,-0.3655735492719926
A1_no_qos,load_cv,reward_sum,-0.0713324749650699
A1_no_qos,load_cv,throughput,-0.024447429318074573
A1_no_qos,load_cv,qos,0.22783580675565046
A1_no_qos,load_cv,jain,0.22778014671096616
A1_no_qos,load_cv,rate_cv,0.29129478554394883
A1_no_qos,load_cv,load_cv,0.9999999999999998
A1_no_qos,load_cv,switch_ratio,0.145137622489628
A1_no_qos,switch_ratio,reward_sum,-0.1557153532921601
A1_no_qos,switch_ratio,throughput,0.010146082208099757
A1_no_qos,switch_ratio,qos,-0.30230390886623626
A1_no_qos,switch_ratio,jain,-0.3184921950636679
A1_no_qos,switch_ratio,rate_cv,-0.3655735492719926
A1_no_qos,switch_ratio,load_cv,0.145137622489628
A1_no_qos,switch_ratio,switch_ratio,1.0
A2_no_thr,reward_sum,reward_sum,0.9999999999999998
A2_no_thr,reward_sum,throughput,0.6873941787086977
A2_no_thr,reward_sum,qos,0.6370168430898703
A2_no_thr,reward_sum,jain,0.727005668840698
A2_no_thr,reward_sum,rate_cv,0.31000094010387313
A2_no_thr,reward_sum,load_cv,-0.04137094325185868
A2_no_thr,reward_sum,switch_ratio,-0.6486690344835201
A2_no_thr,throughput,reward_sum,0.6873941787086977
A2_no_thr,throughput,throughput,1.0
A2_no_thr,throughput,qos,0.6518149353489086
A2_no_thr,throughput,jain,0.6306658717727123
A2_no_thr,throughput,rate_cv,0.4993469587003589
A2_no_thr,throughput,load_cv,0.17269007247489454
A2_no_thr,throughput,switch_ratio,-0.49345797666182245
A2_no_thr,qos,reward_sum,0.6370168430898703
A2_no_thr,qos,throughput,0.6518149353489087
A2_no_thr,qos,qos,0.9999999999999998
A2_no_thr,qos,jain,0.9521907245666016
A2_no_thr,qos,rate_cv,0.6770780717831562
A2_no_thr,qos,load_cv,0.3589426315984928
A2_no_thr,qos,switch_ratio,-0.5856509893269912
A2_no_thr,jain,reward_sum,0.727005668840698
A2_no_thr,jain,throughput,0.6306658717727123
A2_no_thr,jain,qos,0.9521907245666016
A2_no_thr,jain,jain,1.0
A2_no_thr,jain,rate_cv,0.6020694551791281
A2_no_thr,jain,load_cv,0.29504466154643605
A2_no_thr,jain,switch_ratio,-0.6938870769441682
A2_no_thr,rate_cv,reward_sum,0.31000094010387313
A2_no_thr,rate_cv,throughput,0.4993469587003589
A2_no_thr,rate_cv,qos,0.6770780717831562
A2_no_thr,rate_cv,jain,0.6020694551791282
A2_no_thr,rate_cv,rate_cv,0.9999999999999998
A2_no_thr,rate_cv,load_cv,0.43175184731070415
A2_no_thr,rate_cv,switch_ratio,-0.3011757459762693
A2_no_thr,load_cv,reward_sum,-0.04137094325185868
A2_no_thr,load_cv,throughput,0.17269007247489454
A2_no_thr,load_cv,qos,0.3589426315984929
A2_no_thr,load_cv,jain,0.2950446615464361
A2_no_thr,load_cv,rate_cv,0.43175184731070415
A2_no_thr,load_cv,load_cv,1.0
A2_no_thr,load_cv,switch_ratio,0.07214813166628754
A2_no_thr,switch_ratio,reward_sum,-0.6486690344835201
A2_no_thr,switch_ratio,throughput,-0.4934579766618225
A2_no_thr,switch_ratio,qos,-0.5856509893269913
A2_no_thr,switch_ratio,jain,-0.6938870769441682
A2_no_thr,switch_ratio,rate_cv,-0.3011757459762693
A2_no_thr,switch_ratio,load_cv,0.07214813166628756
A2_no_thr,switch_ratio,switch_ratio,1.0
A3_no_load_cap,reward_sum,reward_sum,0.9999999999999999
A3_no_load_cap,reward_sum,throughput,0.7111314939180025
A3_no_load_cap,reward_sum,qos,0.7368436688048722
A3_no_load_cap,reward_sum,jain,0.7418305911496612
A3_no_load_cap,reward_sum,rate_cv,0.3766522872141362
A3_no_load_cap,reward_sum,load_cv,0.35577132045279725
A3_no_load_cap,reward_sum,switch_ratio,-0.683811525582512
A3_no_load_cap,throughput,reward_sum,0.7111314939180025
A3_no_load_cap,throughput,throughput,0.9999999999999999
A3_no_load_cap,throughput,qos,0.5922706291415942
A3_no_load_cap,throughput,jain,0.5715932739916078
A3_no_load_cap,throughput,rate_cv,0.46630115380605164
A3_no_load_cap,throughput,load_cv,0.3792110492413345
A3_no_load_cap,throughput,switch_ratio,-0.5616388084133914
A3_no_load_cap,qos,reward_sum,0.7368436688048722
A3_no_load_cap,qos,throughput,0.5922706291415942
A3_no_load_cap,qos,qos,0.9999999999999999
A3_no_load_cap,qos,jain,0.9887649717795298
A3_no_load_cap,qos,rate_cv,0.7995572561043599
A3_no_load_cap,qos,load_cv,0.8055004981108052
A3_no_load_cap,qos,switch_ratio,-0.9468285086163928
A3_no_load_cap,jain,reward_sum,0.7418305911496612
A3_no_load_cap,jain,throughput,0.5715932739916078
A3_no_load_cap,jain,qos,0.9887649717795298
A3_no_load_cap,jain,jain,0.9999999999999998
A3_no_load_cap,jain,rate_cv,0.7747414485260318
A3_no_load_cap,jain,load_cv,0.7729394340355769
A3_no_load_cap,jain,switch_ratio,-0.9435671247376951
A3_no_load_cap,rate_cv,reward_sum,0.37665228721413624
A3_no_load_cap,rate_cv,throughput,0.46630115380605164
A3_no_load_cap,rate_cv,qos,0.7995572561043599
A3_no_load_cap,rate_cv,jain,0.7747414485260319
A3_no_load_cap,rate_cv,rate_cv,1.0
A3_no_load_cap,rate_cv,load_cv,0.8273577163540776
A3_no_load_cap,rate_cv,switch_ratio,-0.789862666762407
A3_no_load_cap,load_cv,reward_sum,0.35577132045279725
A3_no_load_cap,load_cv,throughput,0.3792110492413345
A3_no_load_cap,load_cv,qos,0.805500498110805
A3_no_load_cap,load_cv,jain,0.7729394340355769
A3_no_load_cap,load_cv,rate_cv,0.8273577163540776
A3_no_load_cap,load_cv,load_cv,1.0
A3_no_load_cap,load_cv,switch_ratio,-0.8246112855872303
A3_no_load_cap,switch_ratio,reward_sum,-0.6838115255825121
A3_no_load_cap,switch_ratio,throughput,-0.5616388084133914
A3_no_load_cap,switch_ratio,qos,-0.9468285086163929
A3_no_load_cap,switch_ratio,jain,-0.943567124737695
A3_no_load_cap,switch_ratio,rate_cv,-0.789862666762407
A3_no_load_cap,switch_ratio,load_cv,-0.8246112855872303
A3_no_load_cap,switch_ratio,switch_ratio,0.9999999999999999
A4_no_stability,reward_sum,reward_sum,1.0
A4_no_stability,reward_sum,throughput,0.6786417693393196
A4_no_stability,reward_sum,qos,0.6402469127657825
A4_no_stability,reward_sum,jain,0.7231634068129973
A4_no_stability,reward_sum,rate_cv,0.35301503719201505
A4_no_stability,reward_sum,load_cv,0.04060238609973505
A4_no_stability,reward_sum,switch_ratio,-0.6321378782792975
A4_no_stability,throughput,reward_sum,0.6786417693393196
A4_no_stability,throughput,throughput,1.0
A4_no_stability,throughput,qos,0.6606816812925167
A4_no_stability,throughput,jain,0.6390027596835443
A4_no_stability,throughput,rate_cv,0.5025010991130748
A4_no_stability,throughput,load_cv,0.16263329095522608
A4_no_stability,throughput,switch_ratio,-0.44997154931547256
A4_no_stability,qos,reward_sum,0.6402469127657825
A4_no_stability,qos,throughput,0.6606816812925167
A4_no_stability,qos,qos,1.0
A4_no_stability,qos,jain,0.9526760477570022
A4_no_stability,qos,rate_cv,0.6619026856934993
A4_no_stability,qos,load_cv,0.3591993019283175
A4_no_stability,qos,switch_ratio,-0.5698841488380862
A4_no_stability,jain,reward_sum,0.7231634068129973
A4_no_stability,jain,throughput,0.6390027596835443
A4_no_stability,jain,qos,0.9526760477570023
A4_no_stability,jain,jain,0.9999999999999999
A4_no_stability,jain,rate_cv,0.614631668554491
A4_no_stability,jain,load_cv,0.3266502924381039
A4_no_stability,jain,switch_ratio,-0.677248278470974
A4_no_stability,rate_cv,reward_sum,0.35301503719201505
A4_no_stability,rate_cv,throughput,0.5025010991130748
A4_no_stability,rate_cv,qos,0.6619026856934993
A4_no_stability,rate_cv,jain,0.6146316685544911
A4_no_stability,rate_cv,rate_cv,1.0
A4_no_stability,rate_cv,load_cv,0.4438377205453746
A4_no_stability,rate_cv,switch_ratio,-0.37650433638914893
A4_no_stability,load_cv,reward_sum,0.04060238609973505
A4_no_stability,load_cv,throughput,0.16263329095522605
A4_no_stability,load_cv,qos,0.3591993019283175
A4_no_stability,load_cv,jain,0.32665029243810395
A4_no_stability,load_cv,rate_cv,0.4438377205453746
A4_no_stability,load_cv,load_cv,1.0
A4_no_stability,load_cv,switch_ratio,-0.041560003317047164
A4_no_stability,switch_ratio,reward_sum,-0.6321378782792975
A4_no_stability,switch_ratio,throughput,-0.4499715493154725
A4_no_stability,switch_ratio,qos,-0.5698841488380864
A4_no_stability,switch_ratio,jain,-0.677248278470974
A4_no_stability,switch_ratio,rate_cv,-0.37650433638914893
A4_no_stability,switch_ratio,load_cv,-0.041560003317047164
A4_no_stability,switch_ratio,switch_ratio,1.0
A5_no_fair,reward_sum,reward_sum,1.0
A5_no_fair,reward_sum,throughput,0.7139686580912272
A5_no_fair,reward_sum,qos,0.6882126613641232
A5_no_fair,reward_sum,jain,0.7670517587866981
A5_no_fair,reward_sum,rate_cv,0.346078415593791
A5_no_fair,reward_sum,load_cv,-0.05092329735877957
A5_no_fair,reward_sum,switch_ratio,-0.700814725911927
A5_no_fair,throughput,reward_sum,0.7139686580912273
A5_no_fair,throughput,throughput,0.9999999999999999
A5_no_fair,throughput,qos,0.619649164860407
A5_no_fair,throughput,jain,0.6198262794512206
A5_no_fair,throughput,rate_cv,0.45115195248697515
A5_no_fair,throughput,load_cv,-0.008190020648348567
A5_no_fair,throughput,switch_ratio,-0.5711864426229426
A5_no_fair,qos,reward_sum,0.6882126613641232
A5_no_fair,qos,throughput,0.6196491648604071
A5_no_fair,qos,qos,1.0
A5_no_fair,qos,jain,0.9508907397642787
A5_no_fair,qos,rate_cv,0.6489133799310491
A5_no_fair,qos,load_cv,0.3190941578341508
A5_no_fair,qos,switch_ratio,-0.5994463352917108
A5_no_fair,jain,reward_sum,0.7670517587866981
A5_no_fair,jain,throughput,0.6198262794512206
A5_no_fair,jain,qos,0.9508907397642788
A5_no_fair,jain,jain,0.9999999999999999
A5_no_fair,jain,rate_cv,0.5920947144926495
A5_no_fair,jain,load_cv,0.26185789743572
A5_no_fair,jain,switch_ratio,-0.7041002973191502
A5_no_fair,rate_cv,reward_sum,0.34607841559379093
A5_no_fair,rate_cv,throughput,0.45115195248697515
A5_no_fair,rate_cv,qos,0.6489133799310491
A5_no_fair,rate_cv,jain,0.5920947144926495
A5_no_fair,rate_cv,rate_cv,1.0
A5_no_fair,rate_cv,load_cv,0.37129916617094355
A5_no_fair,rate_cv,switch_ratio,-0.38120729946056575
A5_no_fair,load_cv,reward_sum,-0.05092329735877956
A5_no_fair,load_cv,throughput,-0.008190020648348567
A5_no_fair,load_cv,qos,0.31909415783415085
A5_no_fair,load_cv,jain,0.26185789743572
A5_no_fair,load_cv,rate_cv,0.37129916617094355
A5_no_fair,load_cv,load_cv,1.0
A5_no_fair,load_cv,switch_ratio,0.04020588664051156
A5_no_fair,switch_ratio,reward_sum,-0.700814725911927
A5_no_fair,switch_ratio,throughput,-0.5711864426229426
A5_no_fair,switch_ratio,qos,-0.5994463352917107
A5_no_fair,switch_ratio,jain,-0.7041002973191502
A5_no_fair,switch_ratio,rate_cv,-0.3812072994605658
A5_no_fair,switch_ratio,load_cv,0.04020588664051156
A5_no_fair,switch_ratio,switch_ratio,1.0
