order_mode,seed,tail_window,metric,value,unit,plot_panel,source_run,notes
fixed_order,42,last_10pct,reward_sum,2.5471956169693737,scalar,supp_reward,hmadqn_k3_sdm_fixed_order_seed42,fixed-order rows reuse Group 1 H-MADQN where available; random-order rows change only SDM processing order
fixed_order,42,last_10pct,throughput_mbps,1394.1822261495786,Mbps,A_throughput,hmadqn_k3_sdm_fixed_order_seed42,fixed-order rows reuse Group 1 H-MADQN where available; random-order rows change only SDM processing order
fixed_order,42,last_10pct,qos_satisfaction,0.5613100000000001,ratio,B_qos,hmadqn_k3_sdm_fixed_order_seed42,fixed-order rows reuse Group 1 H-MADQN where available; random-order rows change only SDM processing order
fixed_order,42,last_10pct,jain_fairness,0.7943985441182246,ratio,C_jain,hmadqn_k3_sdm_fixed_order_seed42,fixed-order rows reuse Group 1 H-MADQN where available; random-order rows change only SDM processing order
fixed_order,42,last_10pct,switch_ratio,0.42815000000000003,ratio,D_switch_ratio,hmadqn_k3_sdm_fixed_order_seed42,fixed-order rows reuse Group 1 H-MADQN where available; random-order rows change only SDM processing order
fixed_order,42,last_1000,reward_sum,2.5471956169693737,scalar,supp_reward,hmadqn_k3_sdm_fixed_order_seed42,fixed-order rows reuse Group 1 H-MADQN where available; random-order rows change only SDM processing order
fixed_order,42,last_1000,throughput_mbps,1394.1822261495786,Mbps,A_throughput,hmadqn_k3_sdm_fixed_order_seed42,fixed-order rows reuse Group 1 H-MADQN where available; random-order rows change only SDM processing order
fixed_order,42,last_1000,qos_satisfaction,0.5613100000000001,ratio,B_qos,hmadqn_k3_sdm_fixed_order_seed42,fixed-order rows reuse Group 1 H-MADQN where available; random-order rows change only SDM processing order
fixed_order,42,last_1000,jain_fairness,0.7943985441182246,ratio,C_jain,hmadqn_k3_sdm_fixed_order_seed42,fixed-order rows reuse Group 1 H-MADQN where available; random-order rows change only SDM processing order
fixed_order,42,last_1000,switch_ratio,0.42815000000000003,ratio,D_switch_ratio,hmadqn_k3_sdm_fixed_order_seed42,fixed-order rows reuse Group 1 H-MADQN where available; random-order rows change only SDM processing order
fixed_order,43,last_10pct,reward_sum,2.5004232887377524,scalar,supp_reward,hmadqn_k3_sdm_fixed_order_seed43,fixed-order rows reuse Group 1 H-MADQN where available; random-order rows change only SDM processing order
fixed_order,43,last_10pct,throughput_mbps,1294.555668106972,Mbps,A_throughput,hmadqn_k3_sdm_fixed_order_seed43,fixed-order rows reuse Group 1 H-MADQN where available; random-order rows change only SDM processing order
fixed_order,43,last_10pct,qos_satisfaction,0.5596233333333334,ratio,B_qos,hmadqn_k3_sdm_fixed_order_seed43,fixed-order rows reuse Group 1 H-MADQN where available; random-order rows change only SDM processing order
fixed_order,43,last_10pct,jain_fairness,0.7796070461136417,ratio,C_jain,hmadqn_k3_sdm_fixed_order_seed43,fixed-order rows reuse Group 1 H-MADQN where available; random-order rows change only SDM processing order
fixed_order,43,last_10pct,switch_ratio,0.41889,ratio,D_switch_ratio,hmadqn_k3_sdm_fixed_order_seed43,fixed-order rows reuse Group 1 H-MADQN where available; random-order rows change only SDM processing order
fixed_order,43,last_1000,reward_sum,2.5004232887377524,scalar,supp_reward,hmadqn_k3_sdm_fixed_order_seed43,fixed-order rows reuse Group 1 H-MADQN where available; random-order rows change only SDM processing order
fixed_order,43,last_1000,throughput_mbps,1294.555668106972,Mbps,A_throughput,hmadqn_k3_sdm_fixed_order_seed43,fixed-order rows reuse Group 1 H-MADQN where available; random-order rows change only SDM processing order
fixed_order,43,last_1000,qos_satisfaction,0.5596233333333334,ratio,B_qos,hmadqn_k3_sdm_fixed_order_seed43,fixed-order rows reuse Group 1 H-MADQN where available; random-order rows change only SDM processing order
fixed_order,43,last_1000,jain_fairness,0.7796070461136417,ratio,C_jain,hmadqn_k3_sdm_fixed_order_seed43,fixed-order rows reuse Group 1 H-MADQN where available; random-order rows change only SDM processing order
fixed_order,43,last_1000,switch_ratio,0.41889,ratio,D_switch_ratio,hmadqn_k3_sdm_fixed_order_seed43,fixed-order rows reuse Group 1 H-MADQN where available; random-order rows change only SDM processing order
fixed_order,44,last_10pct,reward_sum,2.502096647359966,scalar,supp_reward,hmadqn_k3_sdm_fixed_order_seed44,fixed-order rows reuse Group 1 H-MADQN where available; random-order rows change only SDM processing order
fixed_order,44,last_10pct,throughput_mbps,1213.8322556157964,Mbps,A_throughput,hmadqn_k3_sdm_fixed_order_seed44,fixed-order rows reuse Group 1 H-MADQN where available; random-order rows change only SDM processing order
fixed_order,44,last_10pct,qos_satisfaction,0.57578,ratio,B_qos,hmadqn_k3_sdm_fixed_order_seed44,fixed-order rows reuse Group 1 H-MADQN where available; random-order rows change only SDM processing order
fixed_order,44,last_10pct,jain_fairness,0.7952278588790495,ratio,C_jain,hmadqn_k3_sdm_fixed_order_seed44,fixed-order rows reuse Group 1 H-MADQN where available; random-order rows change only SDM processing order
fixed_order,44,last_10pct,switch_ratio,0.42912,ratio,D_switch_ratio,hmadqn_k3_sdm_fixed_order_seed44,fixed-order rows reuse Group 1 H-MADQN where available; random-order rows change only SDM processing order
fixed_order,44,last_1000,reward_sum,2.502096647359966,scalar,supp_reward,hmadqn_k3_sdm_fixed_order_seed44,fixed-order rows reuse Group 1 H-MADQN where available; random-order rows change only SDM processing order
fixed_order,44,last_1000,throughput_mbps,1213.8322556157964,Mbps,A_throughput,hmadqn_k3_sdm_fixed_order_seed44,fixed-order rows reuse Group 1 H-MADQN where available; random-order rows change only SDM processing order
fixed_order,44,last_1000,qos_satisfaction,0.57578,ratio,B_qos,hmadqn_k3_sdm_fixed_order_seed44,fixed-order rows reuse Group 1 H-MADQN where available; random-order rows change only SDM processing order
fixed_order,44,last_1000,jain_fairness,0.7952278588790495,ratio,C_jain,hmadqn_k3_sdm_fixed_order_seed44,fixed-order rows reuse Group 1 H-MADQN where available; random-order rows change only SDM processing order
fixed_order,44,last_1000,switch_ratio,0.42912,ratio,D_switch_ratio,hmadqn_k3_sdm_fixed_order_seed44,fixed-order rows reuse Group 1 H-MADQN where available; random-order rows change only SDM processing order
random_per_cloud_epoch_order,42,last_10pct,reward_sum,2.5063795024527624,scalar,supp_reward,hmadqn_k3_sdm_random_order_seed42,fixed-order rows reuse Group 1 H-MADQN where available; random-order rows change only SDM processing order
random_per_cloud_epoch_order,42,last_10pct,throughput_mbps,1230.8324882837599,Mbps,A_throughput,hmadqn_k3_sdm_random_order_seed42,fixed-order rows reuse Group 1 H-MADQN where available; random-order rows change only SDM processing order
random_per_cloud_epoch_order,42,last_10pct,qos_satisfaction,0.5624866666666667,ratio,B_qos,hmadqn_k3_sdm_random_order_seed42,fixed-order rows reuse Group 1 H-MADQN where available; random-order rows change only SDM processing order
random_per_cloud_epoch_order,42,last_10pct,jain_fairness,0.7915441682672476,ratio,C_jain,hmadqn_k3_sdm_random_order_seed42,fixed-order rows reuse Group 1 H-MADQN where available; random-order rows change only SDM processing order
random_per_cloud_epoch_order,42,last_10pct,switch_ratio,0.5862999999999999,ratio,D_switch_ratio,hmadqn_k3_sdm_random_order_seed42,fixed-order rows reuse Group 1 H-MADQN where available; random-order rows change only SDM processing order
random_per_cloud_epoch_order,42,last_1000,reward_sum,2.5063795024527624,scalar,supp_reward,hmadqn_k3_sdm_random_order_seed42,fixed-order rows reuse Group 1 H-MADQN where available; random-order rows change only SDM processing order
random_per_cloud_epoch_order,42,last_1000,throughput_mbps,1230.8324882837599,Mbps,A_throughput,hmadqn_k3_sdm_random_order_seed42,fixed-order rows reuse Group 1 H-MADQN where available; random-order rows change only SDM processing order
random_per_cloud_epoch_order,42,last_1000,qos_satisfaction,0.5624866666666667,ratio,B_qos,hmadqn_k3_sdm_random_order_seed42,fixed-order rows reuse Group 1 H-MADQN where available; random-order rows change only SDM processing order
random_per_cloud_epoch_order,42,last_1000,jain_fairness,0.7915441682672476,ratio,C_jain,hmadqn_k3_sdm_random_order_seed42,fixed-order rows reuse Group 1 H-MADQN where available; random-order rows change only SDM processing order
random_per_cloud_epoch_order,42,last_1000,switch_ratio,0.5862999999999999,ratio,D_switch_ratio,hmadqn_k3_sdm_random_order_seed42,fixed-order rows reuse Group 1 H-MADQN where available; random-order rows change only SDM processing order
random_per_cloud_epoch_order,43,last_10pct,reward_sum,2.519411474540159,scalar,supp_reward,hmadqn_k3_sdm_random_order_seed43,fixed-order rows reuse Group 1 H-MADQN where available; random-order rows change only SDM processing order
random_per_cloud_epoch_order,43,last_10pct,throughput_mbps,1252.2126575269442,Mbps,A_throughput,hmadqn_k3_sdm_random_order_seed43,fixed-order rows reuse Group 1 H-MADQN where available; random-order rows change only SDM processing order
random_per_cloud_epoch_order,43,last_10pct,qos_satisfaction,0.5603799999999999,ratio,B_qos,hmadqn_k3_sdm_random_order_seed43,fixed-order rows reuse Group 1 H-MADQN where available; random-order rows change only SDM processing order
random_per_cloud_epoch_order,43,last_10pct,jain_fairness,0.7816722998009656,ratio,C_jain,hmadqn_k3_sdm_random_order_seed43,fixed-order rows reuse Group 1 H-MADQN where available; random-order rows change only SDM processing order
random_per_cloud_epoch_order,43,last_10pct,switch_ratio,0.5933900000000001,ratio,D_switch_ratio,hmadqn_k3_sdm_random_order_seed43,fixed-order rows reuse Group 1 H-MADQN where available; random-order rows change only SDM processing order
random_per_cloud_epoch_order,43,last_1000,reward_sum,2.519411474540159,scalar,supp_reward,hmadqn_k3_sdm_random_order_seed43,fixed-order rows reuse Group 1 H-MADQN where available; random-order rows change only SDM processing order
random_per_cloud_epoch_order,43,last_1000,throughput_mbps,1252.2126575269442,Mbps,A_throughput,hmadqn_k3_sdm_random_order_seed43,fixed-order rows reuse Group 1 H-MADQN where available; random-order rows change only SDM processing order
random_per_cloud_epoch_order,43,last_1000,qos_satisfaction,0.5603799999999999,ratio,B_qos,hmadqn_k3_sdm_random_order_seed43,fixed-order rows reuse Group 1 H-MADQN where available; random-order rows change only SDM processing order
random_per_cloud_epoch_order,43,last_1000,jain_fairness,0.7816722998009656,ratio,C_jain,hmadqn_k3_sdm_random_order_seed43,fixed-order rows reuse Group 1 H-MADQN where available; random-order rows change only SDM processing order
random_per_cloud_epoch_order,43,last_1000,switch_ratio,0.5933900000000001,ratio,D_switch_ratio,hmadqn_k3_sdm_random_order_seed43,fixed-order rows reuse Group 1 H-MADQN where available; random-order rows change only SDM processing order
random_per_cloud_epoch_order,44,last_10pct,reward_sum,2.5073480681145757,scalar,supp_reward,hmadqn_k3_sdm_random_order_seed44,fixed-order rows reuse Group 1 H-MADQN where available; random-order rows change only SDM processing order
random_per_cloud_epoch_order,44,last_10pct,throughput_mbps,1171.7026393547658,Mbps,A_throughput,hmadqn_k3_sdm_random_order_seed44,fixed-order rows reuse Group 1 H-MADQN where available; random-order rows change only SDM processing order
random_per_cloud_epoch_order,44,last_10pct,qos_satisfaction,0.5816566666666666,ratio,B_qos,hmadqn_k3_sdm_random_order_seed44,fixed-order rows reuse Group 1 H-MADQN where available; random-order rows change only SDM processing order
random_per_cloud_epoch_order,44,last_10pct,jain_fairness,0.8084311569660586,ratio,C_jain,hmadqn_k3_sdm_random_order_seed44,fixed-order rows reuse Group 1 H-MADQN where available; random-order rows change only SDM processing order
random_per_cloud_epoch_order,44,last_10pct,switch_ratio,0.57063,ratio,D_switch_ratio,hmadqn_k3_sdm_random_order_seed44,fixed-order rows reuse Group 1 H-MADQN where available; random-order rows change only SDM processing order
random_per_cloud_epoch_order,44,last_1000,reward_sum,2.5073480681145757,scalar,supp_reward,hmadqn_k3_sdm_random_order_seed44,fixed-order rows reuse Group 1 H-MADQN where available; random-order rows change only SDM processing order
random_per_cloud_epoch_order,44,last_1000,throughput_mbps,1171.7026393547658,Mbps,A_throughput,hmadqn_k3_sdm_random_order_seed44,fixed-order rows reuse Group 1 H-MADQN where available; random-order rows change only SDM processing order
random_per_cloud_epoch_order,44,last_1000,qos_satisfaction,0.5816566666666666,ratio,B_qos,hmadqn_k3_sdm_random_order_seed44,fixed-order rows reuse Group 1 H-MADQN where available; random-order rows change only SDM processing order
random_per_cloud_epoch_order,44,last_1000,jain_fairness,0.8084311569660586,ratio,C_jain,hmadqn_k3_sdm_random_order_seed44,fixed-order rows reuse Group 1 H-MADQN where available; random-order rows change only SDM processing order
random_per_cloud_epoch_order,44,last_1000,switch_ratio,0.57063,ratio,D_switch_ratio,hmadqn_k3_sdm_random_order_seed44,fixed-order rows reuse Group 1 H-MADQN where available; random-order rows change only SDM processing order
